0.68.0,libreactnativeblob.so,abbbfe5c2c589cdf30e281de9a8c1e33804b4161e60131086a000c46176adc36
0.68.0,libreactnativejni.so,ce739e6e342e14d8bb1d899c04f3ed6a589fd990d43381be906025efa11ac747
0.68.0,libreactnativeutilsjni.so,e5d66ee0a1dd16f348888b2788579c02ec2b650bda6137740ef045d5b45a6c6e
0.68.0,libreactperfloggerjni.so,cfeee09c5bf9e9180dbb7cd92a96db522c0cd65070e54cdd8747f9e18a40c2ce
0.68.0,libreact_codegen_rncore.so,6ec1737aafe9a832a39048a5fd1fe22c435faa2716208f4330b788ac13883164
0.68.0,libreact_config.so,8e5a5d80de312fe2df5fe05ff3bbdb4d67ca89ebb61ccf074d5e6b06986191f8
0.68.0,libreact_debug.so,47465c148731a64b9870db56e893013d01bbdb953a067f3002165171b05bfa8a
0.68.0,libreact_nativemodule_core.so,c62cdd19fe8df7bc4ab142949a9865b3bcaf6c0f67dc1e36fa2ec75562f5ff8c
0.68.0,libreact_render_animations.so,a1b01919e3deca0714735586fe494bb2899798c47a52cf2e6155f09db5e54850
0.68.0,libreact_render_attributedstring.so,00ad49d9e52ecb9b12dfc36344a4450f76d4b63167ca4aa53e6fb04d326f7122
0.68.0,libreact_render_componentregistry.so,f9ad88e19580c1cb8f22657c08ea8763b6e7690b002c66d9ed06889647c72d0c
0.68.0,libreact_render_core.so,1c5fdff8b72b9dd79524cb0d22e2dbe190d7f588134638516dc16ccc58629897
0.68.0,libreact_render_debug.so,792195c38b0ba86c4b707c92857c62697d9f5ae1f91e98632c1184ac57c7416c
0.68.0,libreact_render_graphics.so,1608566752b4a110076b303f78c4be2ec80bd1341e819e234c1eb7bb951aa9c9
0.68.0,libreact_render_imagemanager.so,17d4f5b0830b9f1dcef6014fa4e36da3f67dd281f8e1b5aced83b82701da83ae
0.68.0,libreact_render_leakchecker.so,9eac0f1f411c11af2c3cf0d6a758ece3902a969bef5bc36f33089b38af691102
0.68.0,libreact_render_mapbuffer.so,65ca53942c5495fa59b9428108c53a42d22b40293990a73fa7f6d352e7e5c8a2
0.68.0,libreact_render_mounting.so,4d7e81dc1d4d7b897f950bf8a4f220cc326b88c0dd47075d0d7f31c3ed9aab44
0.68.0,libreact_render_runtimescheduler.so,d04dd53467ad6b37091fe364528aaf624228cf4ea497311da16267bf34b8b560
0.68.0,libreact_render_scheduler.so,727862a5a224c8a216d7198a6d6e3e4a889b68a3077bd998dccb7aed45c0412f
0.68.0,libreact_render_telemetry.so,8f88c70f38b7ccc7c23ee450e99a9d337f6977c0a7f10fae97f3f87188f5074e
0.68.0,libreact_render_templateprocessor.so,1cb221754e08988866050c1f9aed6987aae6373eb0591558e245e9bad44684b6
0.68.0,libreact_render_textlayoutmanager.so,1312f989ef2d9412854864def54e6cb68ebde71d528934a3f2f8fc27e66f17a0
0.68.0,libreact_render_uimanager.so,dbbd79a4684fc8700f51ec8493f32271fa7e114d1904caf3f842152ec101bcd4
0.68.0,libreact_utils.so,2d8ae6fb00bffbc17041cbbe1fcfd95e04c44a0c1919c5115409bcc159fa9c29
0.69.0,libreactnativeblob.so,c18da73af4aed2086b2aa88a4241b02997032dd7f617c10cb95ae48c046dd2cd
0.69.0,libreactnativejni.so,b126649ce724f2554099f470c9b0f994ee5409abf26e1aec96b0c281bc1a0c78
0.69.0,libreactnativeutilsjni.so,fd6351a7cbe5f4f5c535b93c19882ab840b510ba063c6277a29e04240327635d
0.69.0,libreactperfloggerjni.so,cf65f5e65d7bcabef129d692b5bf7f96868a8b0965bcddba52b2188a0776baed
0.69.0,libreact_codegen_rncore.so,a7e521d27410970a40990887f0ad59cbf9df0e95ca4ea991a8154aa6d5b5b56b
0.69.0,libreact_config.so,79ddab17a8c357d6591c13143e7a1964d787ddc8447f1e059560e649a54b3c4a
0.69.0,libreact_debug.so,0d377108283db8aab444da3ddf8a6755ee77df1321752660b8748623c8022417
0.69.0,libreact_nativemodule_core.so,6206f271c20d542253adfed14332d4c8646c68f71becb0452b0dfa02775967cb
0.69.0,libreact_render_animations.so,88c562a437faca330df3156426c0167450ad85cb7da25e18ab9be69ad762540d
0.69.0,libreact_render_attributedstring.so,ebd83807ccb9aefa65e1b52781b4f8675039f9dc4b2cac05bc40880373d348ab
0.69.0,libreact_render_componentregistry.so,76b1394accbcebc08bb4347b5e5e77ac367a4b7db15a4de44cb50ab609200c8c
0.69.0,libreact_render_core.so,785d7745c18eae97ee5af4ec568d3c369d89c8197de0d7d85066e66e36c7da1e
0.69.0,libreact_render_debug.so,911b3ec57a0b1d4dd62453caa95379da95a8541756075edfd529dac87d537663
0.69.0,libreact_render_graphics.so,9a3a66a09bc577ae0d73a8ca95cf14da8284e5ec9a452078e542bb4f2e17274d
0.69.0,libreact_render_imagemanager.so,acacfdcaf75c21793e727c3d12107a67780ddfaed79eef9d587de90f4fe0a019
0.69.0,libreact_render_leakchecker.so,a8e9bded725732578ffccfe0052bdf613fac6ba2c95168984d79a3a7110989e6
0.69.0,libreact_render_mapbuffer.so,9e7f571e5f9ea51adbac599b3a9b047187be124d1b145327e96ffab7429847e3
0.69.0,libreact_render_mounting.so,9657059f1ecec8c97eaf2d41945f1a9f885489328163ea3d5a1da54cd9515ec4
0.69.0,libreact_render_runtimescheduler.so,10902f667afd5b7bb2015894232b653b683511e5dec6ca7ff32a8f6d4e9841b0
0.69.0,libreact_render_scheduler.so,697135a384dbe04e05f4270abe3bc23a1a3039adb1383cea3187389bed7e8427
0.69.0,libreact_render_telemetry.so,c20407a394ee4e61d5446bfe2c715ee49a278138cf9eaa2b95ef50e9f7b73ad3
0.69.0,libreact_render_templateprocessor.so,41392ab9d83e96c4c999e5c2a462c4bf146447044ea29402e9d309a0aa2d5536
0.69.0,libreact_render_textlayoutmanager.so,575d9d86928d2854fd3de35c4c81f9b243b0c2d55e94e404512aa7c6c9542fcf
0.69.0,libreact_render_uimanager.so,19d9e607ddfa1501cd9124e42b3a21e59e58d3392a2d7fd080bbf406ea1e35fb
0.69.0,libreact_utils.so,ad95edd202e5024ed91f2afd1412826132f81c768ed80590e54841818b0adde1
0.70.0,libreactnativeblob.so,9be831add2d0bf2d198e7ff4a7124ce0ed1d059d5c7f53ef24eacea7ed3ae7bb
0.70.0,libreactnativejni.so,e1e32a66424b499be61629b7083dd75746922b958e4733f90424e3586f643193
0.70.0,libreactperfloggerjni.so,d11517f18c4206dacbfbad1dd0aa1ea54fea05fff9cf04618c51133ab658803e
0.70.0,libreact_codegen_rncore.so,3e48da211b0735c6f10ceca5d61ee9d7b14b68568ddaec6faf77a30ea01f4771
0.70.0,libreact_config.so,494003039110282e53556bc62505e0b046c573140212e79356dbf54ffe28a935
0.70.0,libreact_debug.so,c0f341a1377ca25504bdc777146688d2d61adf85b19a970bd6dc4a322b78638c
0.70.0,libreact_nativemodule_core.so,8a438407cb7b1741f8944e1bcf9c695663535d356ea88008360a71b6faf2755c
0.70.0,libreact_render_animations.so,b5edd3a8139009d0a5ed0bc4ff7f66e91adc186a537dd279a7e3bbdb95f36775
0.70.0,libreact_render_attributedstring.so,fd03e16534c41a625ea27673efe6bab5ad9d1281d6c6975d5a172b9e66cff769
0.70.0,libreact_render_componentregistry.so,81ee83aa89c0a3b2c73d62efae637117911707ba125e48d1213ebad5a10b3284
0.70.0,libreact_render_core.so,62d8d65a639a5cd86bf26c54ae7af157f958584d8eecde45f46f6c860be90f28
0.70.0,libreact_render_debug.so,112e3e7a123df7dcdac601f6dc305f8dac487a7a3ac5f3abba7de77592bcdb6c
0.70.0,libreact_render_graphics.so,7ce03aee44f42f762543894fbb7e474bd6298fbb65150e910a69e36e45cc5d11
0.70.0,libreact_render_imagemanager.so,74486540a2f44f49f10bb942784925fb0c30177ca1d2f398150b6a2be86c7b34
0.70.0,libreact_render_leakchecker.so,f0a284fd6642dd96ad8981146d29fdb6ae192f3f3806f59ff6be5bf84f738b4a
0.70.0,libreact_render_mapbuffer.so,086e72e925e9dc0769a8d0c09f470aacc31543127cf5397204b4065d022fa15e
0.70.0,libreact_render_mounting.so,ad03d849e7d769bc04446ff71bc76795e3d5f0555b267c1b13dd9cbcce259c5f
0.70.0,libreact_render_runtimescheduler.so,994129ff47602479359ed6c8a6b9473ad8e9c0be9766ef8b4116c174f0d21e8d
0.70.0,libreact_render_scheduler.so,30746e5e45a57f83add28454dace4fa8f4405e0965343d5665313e3aa17b469e
0.70.0,libreact_render_telemetry.so,48ec492e73451073c1f5a8938119f5ed6a108ff422abead013b55a03c6c68093
0.70.0,libreact_render_templateprocessor.so,20fb0c1d35fa6eb8e2178efa69acc5af2261bc6400958595f55a1651231005fd
0.70.0,libreact_render_textlayoutmanager.so,834f01487cc5af15dda0e8112186d19db64983608ab5ee3d4769601bb4688003
0.70.0,libreact_render_uimanager.so,57fba967435cc5b715a8a3f2466804d9f60a175c4cc1e53aa17e1cfcecd66d8a
0.70.0,libreact_utils.so,2bafcd134fb7b78a51e323029fe7b3692e11c3ebbc5355718f4f9162572d6a36
0.67.0,libreactconfig.so,2d76333c42b02b52c00faa0adbddd0ec388c72fa873ce61a3c56d9446ecaeedb
0.67.0,libreactnativeblob.so,aa548fb4067c18ee789060e973e147253574b30f970eef65c7daf21a286602ce
0.67.0,libreactnativejni.so,e63fcac0a777df85369ef6dd25169432a84bc8b9aa6a84c0ef600b7ebc2b294e
0.67.0,libreactnativeutilsjni.so,1a1662363b07613cc5f92c9281f60d05e35cdd374f2abdbce78cae2d095a4f50
0.67.0,libreactperfloggerjni.so,b6b62f1334da9561ddb72e0f8bc56e6224c06f38ac2495c401d9b36bd9660702
0.67.0,libreact_codegen_rncore.so,b0e0450bfa4f320de7a16fe4b78d3fda00e2ebfff4664f7a261951e984da1bdb
0.67.0,libreact_debug.so,cb4ac9f06a27b0bd234a16e36b93b705aed49b75d7135420cf4676d8c554ac5e
0.67.0,libreact_nativemodule_core.so,235d838b714e2c21430f57098169776082303bf3f780e65f4ee5e2403542cd38
0.67.0,libreact_render_animations.so,6485fef47ec1a01ebbb913fa87836c89b7b54a4f0bc8bc5aad21d8a79f827031
0.67.0,libreact_render_attributedstring.so,14a44105442f12455a51a698171207f420e7731d1bd8be7ba2e90575d4db9ce4
0.67.0,libreact_render_componentregistry.so,da82c25f7447cc90dddd505ea0f59c85e48cae1578044d7ca376ee03d9050f8d
0.67.0,libreact_render_core.so,6edc6d6951e590bac1d3e4f5543d2948603ae179f52bff99058983b5962151a6
0.67.0,libreact_render_debug.so,6c88f3e9f3164a4a79fe50ac87baa9caa111d29ca18f03501dc47a6f12eef51f
0.67.0,libreact_render_graphics.so,7c597041cc40ae0545eeefb07b87d5ba421dd44f1f12b04fccd78b683a118410
0.67.0,libreact_render_imagemanager.so,49dad25df82bcca0656d1ec669d29f09094c7a0a36ef723a1834795a8706ece5
0.67.0,libreact_render_leakchecker.so,04e5ef2f51e9608d3c9b9c6168eddc8f2823004faf451535e5b38ea274956a30
0.67.0,libreact_render_mapbuffer.so,088f6f02a87d669859ab93ae278bb7981475a6d0718e51ed6a14695611c238b1
0.67.0,libreact_render_mounting.so,d3d1796b6eef75abd0f46285e149d3f24da8d91d9eb14e7f7fd6ec4fbb7ea767
0.67.0,libreact_render_runtimescheduler.so,eba19f0a13fbd0c8039f6981833afdfc80144cae0f74734456673f8bc36aefc4
0.67.0,libreact_render_scheduler.so,eec6bdaa9445d707a1377e2d86059100a4e2efe22f655759c34faf8c7cfbff71
0.67.0,libreact_render_telemetry.so,1dc8bdd2219fe67e3dcba29a5885961ab5c33c677cbc00d57f5832c8e9fedf7e
0.67.0,libreact_render_templateprocessor.so,4951dfdcc0dac10496d0c5c51ba19208d02134fde8c2b8249a823da9da5050e8
0.67.0,libreact_render_textlayoutmanager.so,3e185f474c0bffc47b6ef591d2646fcb46852ce3a084667c5a85499b461eb4a0
0.67.0,libreact_render_uimanager.so,880a066a7453e5def52ecc217ee2fa7a5e26c66f6b4a11cf5b336c0f30f71d6f
0.67.0,libreact_utils.so,5430d858c97f269737229bceed395859a2b9385b3c576cd9a668d2cf69f97f66
0.66.0,libreactconfig.so,2d76333c42b02b52c00faa0adbddd0ec388c72fa873ce61a3c56d9446ecaeedb
0.66.0,libreactnativeblob.so,aa548fb4067c18ee789060e973e147253574b30f970eef65c7daf21a286602ce
0.66.0,libreactnativejni.so,e3a819db74815d618c964bb0ab0453fb096b798d3f254aa065e5c80981282633
0.66.0,libreactnativeutilsjni.so,6b714dab5c5012f12f52c4109004202d9429d62ac8958f7419a761bcc1bf2d0c
0.66.0,libreactperfloggerjni.so,b6b62f1334da9561ddb72e0f8bc56e6224c06f38ac2495c401d9b36bd9660702
0.66.0,libreact_codegen_rncore.so,7768c8a2407ad4d9e77102c0e7afb728799e58e32d0546c1976217be66977c41
0.66.0,libreact_debug.so,cb4ac9f06a27b0bd234a16e36b93b705aed49b75d7135420cf4676d8c554ac5e
0.66.0,libreact_nativemodule_core.so,235d838b714e2c21430f57098169776082303bf3f780e65f4ee5e2403542cd38
0.66.0,libreact_render_animations.so,114ac84c072650f92dee89394694c38db00cd3e6615e502e1b756a1a455c2d06
0.66.0,libreact_render_attributedstring.so,f77cbc41cf1777d2eca7147c9b7d81c012114f68172a41844998f61faf794f3c
0.66.0,libreact_render_componentregistry.so,a6896b403c9f293b28cd99166e0eea0cdc7f03817ffb3c004f9bf5bd4310fab3
0.66.0,libreact_render_core.so,1145a8cf000fa4e62be2f46bc6c55c0674a1c3f2b10cc1eff8f0044bfdfec6cb
0.66.0,libreact_render_debug.so,6c88f3e9f3164a4a79fe50ac87baa9caa111d29ca18f03501dc47a6f12eef51f
0.66.0,libreact_render_graphics.so,583342ea5ee5abf5eaef5459a2eca340de77700da6ed77c259b85994cc2a9c2a
0.66.0,libreact_render_imagemanager.so,bcb191e469d444a6ce57a829315f7ceb93c2c4be81f11e3978297526ffa07f2d
0.66.0,libreact_render_leakchecker.so,9fff301a3a207a56042175784fdf71c9d827d43bb5225ae03a51b248dbe103f1
0.66.0,libreact_render_mapbuffer.so,088f6f02a87d669859ab93ae278bb7981475a6d0718e51ed6a14695611c238b1
0.66.0,libreact_render_mounting.so,43dcd22933b11389dfaa6e67252c453575c26bc389ba3f303cdb1a160b44d068
0.66.0,libreact_render_runtimescheduler.so,8a417b71dc9d172c1886bea4a35c003ad62d4c0fd30712a96c3be0f20cffeb3f
0.66.0,libreact_render_scheduler.so,f94f80f559d2c3d34d717f14ea0761aac6b6c92f4e27d3977256785482b722e3
0.66.0,libreact_render_telemetry.so,1dc8bdd2219fe67e3dcba29a5885961ab5c33c677cbc00d57f5832c8e9fedf7e
0.66.0,libreact_render_templateprocessor.so,ee0d0cfa6ca796f151c01b4f5b5aadc8cb532cf6b54393819e50757ade5eb559
0.66.0,libreact_render_textlayoutmanager.so,27159f22352b53def79ec7c6e19e50931b85f562f46ec04232c556c8ea9593aa
0.66.0,libreact_render_uimanager.so,3b471d1e51b9027de06f6b2784405021865cb951907849326e8befbc9b5d4dcc
0.66.0,libreact_utils.so,5430d858c97f269737229bceed395859a2b9385b3c576cd9a668d2cf69f97f66
0.65.0,libreactconfig.so,44a596110a0fc1d019f4b78f5be03ae83291ff250c1e39e558977d54ffe5e0ca
0.65.0,libreactnativeblob.so,381e208b78ac96c33a3232832c5f1310f7f10178207d5d1c1f1e68746f53c482
0.65.0,libreactnativejni.so,5affd0ffa5a3376684a58fbfa73c26edc0ec617cb8127ed1392c22bcb7901a43
0.65.0,libreactnativeutilsjni.so,d9bb48309a55960c5e92b983c27b16574deb28caef8a5dd3686576f8562f89e4
0.65.0,libreactperfloggerjni.so,3f3153519a1e04076d1f031549aa32d06545c2130ef5e542c82f7d75f2697066
0.65.0,libreact_codegen_rncore.so,be835dc1107ec5a7a266104da1eb16b80ac1ed95e0747f944de752a032d51518
0.65.0,libreact_debug.so,a7363f1bfbd01cc65a773aad237495b4303ea0ab0df4fed73b3c6d62ef7124ac
0.65.0,libreact_nativemodule_core.so,5c2205e5a5a0df093e867385ac9ce8aaba925e593fa185f7fc2508572d06bbf3
0.65.0,libreact_render_animations.so,9de1397cac29fb103d536882da0974cf09ba7f7ea0bc30ed97e6dd889cb3ab1c
0.65.0,libreact_render_attributedstring.so,74d0b617191217f1f25c6caab87b2b4dab6c2962d685917a94320dc3465d1b71
0.65.0,libreact_render_componentregistry.so,313c78cd527c5e6ec6edd137704b0c0ad881ea176dcd88432283f652ce491c27
0.65.0,libreact_render_core.so,f93307a5ce16a11292a8f71bddd0ad517a8313a9627f18c5e6d486f91b7bfd7c
0.65.0,libreact_render_debug.so,46c21e336031983e987d48f135df9808bafc409f61d0e76e3a82fba711c6dbd6
0.65.0,libreact_render_graphics.so,061c67fe511aef728cdadc41b3320376425fec99f60c63c1ac29c906525a6fcc
0.65.0,libreact_render_imagemanager.so,a268bd272156579af876959ad23f41f0ba7dd16954114e2f0938c84a81db41ae
0.65.0,libreact_render_leakchecker.so,9428370b7c2ec50780b6e99aee3bb1f079b651f6a4b970ca6fa9273e238b1abd
0.65.0,libreact_render_mapbuffer.so,918227cc9a69b5b317ee072841e18a27f3af748a6393f731479db1d35a886bb6
0.65.0,libreact_render_mounting.so,18413fe535eb83a35ab4b63c1d1cfadcfa141d3ee2da42ee5e3b8b32e8cabefb
0.65.0,libreact_render_runtimescheduler.so,1c0e5c9ede977e9f8139091861b066b7d392e1440400860eb7769496724e7f6d
0.65.0,libreact_render_scheduler.so,aefe834d907957f435f3d7668f045c6018cac328a332ab067129986531e73b9a
0.65.0,libreact_render_telemetry.so,16da6aff65ac9c16af5382192efc99fdbe3ca24483c9652484e7b26d6dcc55e8
0.65.0,libreact_render_templateprocessor.so,5f13329dae750a7e174730cc3f40618d72b4e090676191f5e1385a6afe5430b4
0.65.0,libreact_render_textlayoutmanager.so,6b953fa4ff6c5281e6cab8d2b35b8cb7944ea0224828d5855e48789f3da0c446
0.65.0,libreact_render_uimanager.so,298088a301fcd60c02dfc4b27bf4bd1d8aff38358239db9a56c2eb0bf1a0b3d7
0.65.0,libreact_utils.so,f560510e238ba7dfc8df1473633e41be74675dfcb855b729d7437279d9c36bb5
0.64.0,libreactnativeblob.so,ec44da9a4c509e361232387757dc6ea61a3f0816484acb66644a792c0c417ad5
0.64.0,libreactnativejni.so,fcf6fef8454980b93f846977315dafaf86d7b8ac44039ec37dfd94ff8fa0528a
0.64.0,libreactnativeutilsjni.so,8244a2823415f42eb59a7eff44e0dbabad1719c33b4dc8dad3fd34c0c2fccc1d
0.64.0,libreactperfloggerjni.so,153371b99d96918a33acc50dbefd1cd58233915579861ad647bda815781b03a2
0.64.0,libreact_codegen_reactandroidspec.so,0fa60bbfb9a4674e00f0d19b14ed2e52b9feb081494f85a30cbc749fab8172ca
0.64.0,libreact_nativemodule_core.so,3046296ac2289b4939b33ec5892953bf18546ef0351327a4845d336ee2d76db5